,amount,currency,exchange_rate,amount_usd
0,43.75,EUR,1.0887,47.630625
1,385.5,GBP,1.2685115059714536,489.01118555199537
2,495.5,GBP,1.2685115059714536,628.5474512088553
3,117.99,GBP,1.2685115059714536,149.6716725895718
4,624.0,USD,1.0,624.0
5,522.99,GBP,1.2685115059714536,663.4188325080105
6,951.75,USD,1.0,951.75
7,703.75,GBP,1.2685115059714536,892.7149723274105
8,371.99,USD,1.0,371.99
9,613.05,USD,1.0,613.05
10,843.99,GBP,1.2685115059714536,1070.6110259248471
11,647.25,USD,1.0,647.25
12,650.05,EUR,1.0887,707.709435
13,168.05,USD,1.0,168.05
14,474.25,GBP,1.2685115059714536,601.5915817069618
15,963.9,USD,1.0,963.9
16,831.0,GBP,1.2685115059714536,1054.133061462278
17,649.75,USD,1.0,649.75
18,797.0,EUR,1.0887,867.6939
19,824.1,GBP,1.2685115059714536,1045.380332071075
20,213.1,EUR,1.0887,232.00197
21,46.9,EUR,1.0887,51.06003
22,397.05,USD,1.0,397.05
23,695.05,GBP,1.2685115059714536,881.6789222254588
24,656.25,USD,1.0,656.25
25,507.49,GBP,1.2685115059714536,643.756904165453
26,935.99,GBP,1.2685115059714536,1187.3140844742209
27,387.1,GBP,1.2685115059714536,491.0408039615497
28,902.9,GBP,1.2685115059714536,1145.3390387416255
29,715.05,EUR,1.0887,778.474935
30,377.95,USD,1.0,377.95
31,485.0,USD,1.0,485.0
32,911.1,GBP,1.2685115059714536,1155.7408330905914
33,759.9,GBP,1.2685115059714536,963.9418933877075
34,163.49,USD,1.0,163.49
35,602.99,USD,1.0,602.99
36,421.99,GBP,1.2685115059714536,535.2991704048937
37,628.49,USD,1.0,628.49
38,322.25,USD,1.0,322.25
39,199.1,EUR,1.0887,216.76017
40,820.99,GBP,1.2685115059714536,1041.4352612875036
41,323.05,EUR,1.0887,351.704535
42,11.05,GBP,1.2685115059714536,14.017052140984562
43,465.1,GBP,1.2685115059714536,589.9847014273231
44,955.0,USD,1.0,955.0
45,649.99,GBP,1.2685115059714536,824.5197937663851
46,813.95,GBP,1.2685115059714536,1032.5049402854647
47,547.0,GBP,1.2685115059714536,693.8757937663851
48,681.99,GBP,1.2685115059714536,865.1121619574716
49,541.99,EUR,1.0887,590.064513
50,503.49,EUR,1.0887,548.1495630000001
51,503.0,USD,1.0,503.0
52,122.9,GBP,1.2685115059714536,155.90006408389166
53,266.0,USD,1.0,266.0
54,524.9,GBP,1.2685115059714536,665.841689484416
55,287.99,EUR,1.0887,313.534713
56,682.9,GBP,1.2685115059714536,866.2665074279056
57,324.0,EUR,1.0887,352.7388
58,626.1,EUR,1.0887,681.63507
59,80.1,EUR,1.0887,87.20487
60,73.05,EUR,1.0887,79.529535
61,898.49,EUR,1.0887,978.186063
62,883.75,USD,1.0,883.75
63,985.25,GBP,1.2685115059714536,1249.8009612583746
64,460.9,EUR,1.0887,501.78182999999996
65,248.1,GBP,1.2685115059714536,314.7177046315176
66,89.99,GBP,1.2685115059714536,114.1533504223711
67,334.95,USD,1.0,334.95
68,357.0,EUR,1.0887,388.6659
69,336.1,EUR,1.0887,365.91207
70,713.95,EUR,1.0887,777.277365
71,527.75,USD,1.0,527.75
72,84.95,USD,1.0,84.95
73,626.0,USD,1.0,626.0
74,360.99,USD,1.0,360.99
75,50.0,EUR,1.0887,54.435
76,570.25,GBP,1.2685115059714536,723.3686862802214
77,894.75,GBP,1.2685115059714536,1135.0006699679582
78,78.25,EUR,1.0887,85.190775
79,599.5,GBP,1.2685115059714536,760.4726478298865
80,357.9,USD,1.0,357.9
81,969.49,EUR,1.0887,1055.483763
82,899.0,EUR,1.0887,978.7413
83,425.5,EUR,1.0887,463.24185
84,764.9,EUR,1.0887,832.74663
85,688.75,GBP,1.2685115059714536,873.6872997378387
86,253.05,EUR,1.0887,275.495535
87,579.5,EUR,1.0887,630.90165
88,694.05,USD,1.0,694.05
89,790.99,GBP,1.2685115059714536,1003.37991610836
90,948.75,GBP,1.2685115059714536,1203.5002912904165
91,768.05,GBP,1.2685115059714536,974.2802621613748
92,179.1,USD,1.0,179.1
93,916.25,USD,1.0,916.25
94,743.75,EUR,1.0887,809.720625
95,98.05,USD,1.0,98.05
96,966.25,GBP,1.2685115059714536,1225.699242644917
97,415.25,USD,1.0,415.25
98,300.9,EUR,1.0887,327.58982999999995
99,143.95,EUR,1.0887,156.71836499999998
100,519.5,EUR,1.0887,565.57965
101,376.5,GBP,1.2685115059714536,477.5945819982523
102,798.75,EUR,1.0887,869.599125
103,752.49,USD,1.0,752.49
104,888.99,EUR,1.0887,967.843413
105,710.95,USD,1.0,710.95
106,89.9,EUR,1.0887,97.87413000000001
107,307.9,EUR,1.0887,335.21072999999996
108,407.1,USD,1.0,407.1
109,157.49,EUR,1.0887,171.459363
110,45.05,USD,1.0,45.05
111,887.99,EUR,1.0887,966.754713
112,886.5,GBP,1.2685115059714536,1124.5354500436936
113,814.75,GBP,1.2685115059714536,1033.5197494902418
114,263.25,EUR,1.0887,286.600275
115,746.9,GBP,1.2685115059714536,947.4512438100786
116,299.49,EUR,1.0887,326.05476300000004
117,288.25,USD,1.0,288.25
118,241.05,EUR,1.0887,262.43113500000004
119,553.9,GBP,1.2685115059714536,702.6285231575881
120,506.49,GBP,1.2685115059714536,642.4883926594815
121,254.5,USD,1.0,254.5
122,487.9,USD,1.0,487.9
123,317.75,EUR,1.0887,345.934425
124,823.05,EUR,1.0887,896.054535
125,987.9,GBP,1.2685115059714536,1253.1625167491989
126,270.0,USD,1.0,270.0
127,882.0,USD,1.0,882.0
128,246.25,EUR,1.0887,268.092375
129,712.49,EUR,1.0887,775.687863
130,519.9,USD,1.0,519.9
131,548.49,GBP,1.2685115059714536,695.7658759102826
132,817.05,EUR,1.0887,889.522335
133,149.49,EUR,1.0887,162.749763
134,340.99,GBP,1.2685115059714536,432.549738421206
135,988.25,USD,1.0,988.25
136,173.1,USD,1.0,173.1
137,417.05,EUR,1.0887,454.04233500000004
138,822.75,GBP,1.2685115059714536,1043.6678415380134
139,533.25,EUR,1.0887,580.549275
140,340.95,USD,1.0,340.95
141,526.0,EUR,1.0887,572.6562
142,836.1,GBP,1.2685115059714536,1060.6024701427323
143,282.5,EUR,1.0887,307.55775
144,843.5,EUR,1.0887,918.31845
145,113.99,GBP,1.2685115059714536,144.597626565686
146,522.5,EUR,1.0887,568.84575
147,666.25,EUR,1.0887,725.346375
148,112.05,USD,1.0,112.05
149,946.95,GBP,1.2685115059714536,1201.216970579668
150,553.5,USD,1.0,553.5
151,311.1,GBP,1.2685115059714536,394.63392950771924
152,847.95,USD,1.0,847.95
153,855.49,EUR,1.0887,931.371963
154,384.49,GBP,1.2685115059714536,487.72998893096417
155,991.1,EUR,1.0887,1079.01057
156,771.25,GBP,1.2685115059714536,978.3394989804835
157,305.95,GBP,1.2685115059714536,388.1010952519662
158,641.49,USD,1.0,641.49
159,201.05,USD,1.0,201.05
160,928.49,USD,1.0,928.49
161,265.25,GBP,1.2685115059714536,336.47267695892805
162,150.25,USD,1.0,150.25
163,974.99,GBP,1.2685115059714536,1236.7860332071075
164,447.49,USD,1.0,447.49
165,858.99,EUR,1.0887,935.182413
166,116.1,GBP,1.2685115059714536,147.27418584328575
167,880.95,USD,1.0,880.95
168,376.75,USD,1.0,376.75
169,469.75,USD,1.0,469.75
170,618.25,USD,1.0,618.25
171,763.1,EUR,1.0887,830.78697
172,932.05,EUR,1.0887,1014.7228349999999
173,717.99,EUR,1.0887,781.675713
174,709.1,USD,1.0,709.1
175,565.75,GBP,1.2685115059714536,717.6603845033499
176,143.99,USD,1.0,143.99
177,824.5,USD,1.0,824.5
178,913.0,GBP,1.2685115059714536,1158.151004951937
179,474.49,GBP,1.2685115059714536,601.896024468395
180,255.95,GBP,1.2685115059714536,324.6755199533935
181,456.49,EUR,1.0887,496.980663
182,941.9,GBP,1.2685115059714536,1194.810987474512
183,638.75,GBP,1.2685115059714536,810.261724439266
184,434.49,USD,1.0,434.49
185,94.75,USD,1.0,94.75
186,232.0,USD,1.0,232.0
187,912.0,GBP,1.2685115059714536,1156.8824934459656
188,80.75,EUR,1.0887,87.912525
189,12.05,GBP,1.2685115059714536,15.285563646956016
190,151.9,EUR,1.0887,165.37353000000002
191,575.99,USD,1.0,575.99
192,536.99,GBP,1.2685115059714536,681.1779935916109
193,448.75,EUR,1.0887,488.554125
194,604.9,USD,1.0,604.9
195,118.5,USD,1.0,118.5
196,219.05,USD,1.0,219.05
197,249.9,USD,1.0,249.9
198,64.49,USD,1.0,64.49
199,16.05,EUR,1.0887,17.473635
200,556.5,USD,1.0,556.5
201,711.99,USD,1.0,711.99
202,226.25,EUR,1.0887,246.318375
203,423.05,USD,1.0,423.05
204,631.99,GBP,1.2685115059714536,801.6865866588989
205,307.25,USD,1.0,307.25
206,77.95,EUR,1.0887,84.864165
207,34.25,GBP,1.2685115059714536,43.44651907952228
208,95.49,EUR,1.0887,103.95996299999999
209,84.95,GBP,1.2685115059714536,107.76005243227499
210,718.49,GBP,1.2685115059714536,911.4128319254297
211,13.95,GBP,1.2685115059714536,17.695735508301777
212,924.05,GBP,1.2685115059714536,1172.1680570929216
213,115.99,GBP,1.2685115059714536,147.1346495776289
214,256.1,EUR,1.0887,278.81607
215,916.9,EUR,1.0887,998.22903
216,455.9,USD,1.0,455.9
217,485.25,GBP,1.2685115059714536,615.5452082726479
218,185.49,USD,1.0,185.49
219,241.95,EUR,1.0887,263.410965
220,974.5,GBP,1.2685115059714536,1236.1644625691815
221,722.5,GBP,1.2685115059714536,916.4995630643753
222,175.05,GBP,1.2685115059714536,222.05293912030297
223,997.99,USD,1.0,997.99
224,281.99,EUR,1.0887,307.002513
225,476.9,EUR,1.0887,519.20103
226,892.1,EUR,1.0887,971.22927
227,650.5,EUR,1.0887,708.19935
228,980.25,EUR,1.0887,1067.198175
229,867.5,USD,1.0,867.5
230,391.0,USD,1.0,391.0
231,134.25,EUR,1.0887,146.157975
232,809.75,USD,1.0,809.75
233,467.05,GBP,1.2685115059714536,592.4582988639675
234,900.49,EUR,1.0887,980.363463
235,152.5,EUR,1.0887,166.02675
236,735.9,GBP,1.2685115059714536,933.4976172443927
237,883.75,USD,1.0,883.75
238,265.75,USD,1.0,265.75
239,933.75,GBP,1.2685115059714536,1184.4726187008448
240,600.49,EUR,1.0887,653.753463
241,394.49,GBP,1.2685115059714536,500.41510399067874
242,369.49,GBP,1.2685115059714536,468.7023163413924
243,123.5,EUR,1.0887,134.45445
244,828.0,GBP,1.2685115059714536,1050.3275269443636
245,205.0,GBP,1.2685115059714536,260.04485872414796
246,874.0,EUR,1.0887,951.5238
247,735.9,USD,1.0,735.9
248,600.5,EUR,1.0887,653.76435
249,251.49,EUR,1.0887,273.797163
250,312.95,USD,1.0,312.95
251,176.95,GBP,1.2685115059714536,224.4631109816487
252,198.5,USD,1.0,198.5
253,793.0,USD,1.0,793.0
254,210.5,USD,1.0,210.5
255,174.1,USD,1.0,174.1
256,628.0,GBP,1.2685115059714536,796.6252257500728
257,733.25,EUR,1.0887,798.289275
258,174.99,USD,1.0,174.99
259,865.5,USD,1.0,865.5
260,39.1,EUR,1.0887,42.56817
261,871.49,GBP,1.2685115059714536,1105.495092339062
262,614.99,USD,1.0,614.99
263,433.9,GBP,1.2685115059714536,550.4071424410137
264,516.25,GBP,1.2685115059714536,654.8690649577629
265,473.25,EUR,1.0887,515.227275
266,405.99,USD,1.0,405.99
267,419.49,USD,1.0,419.49
268,784.1,EUR,1.0887,853.64967
269,324.0,GBP,1.2685115059714536,410.99772793475097
270,837.95,GBP,1.2685115059714536,1062.9492164287797
271,865.9,USD,1.0,865.9
272,338.9,USD,1.0,338.9
273,428.05,EUR,1.0887,466.018035
274,318.5,EUR,1.0887,346.75095
275,398.25,GBP,1.2685115059714536,505.18470725313136
276,960.95,EUR,1.0887,1046.186265
277,319.9,USD,1.0,319.9
278,794.49,USD,1.0,794.49
279,482.05,EUR,1.0887,524.8078350000001
280,115.1,EUR,1.0887,125.30936999999999
281,985.95,GBP,1.2685115059714536,1250.6889193125546
282,60.99,GBP,1.2685115059714536,77.36651674919895
283,276.05,EUR,1.0887,300.535635
284,54.75,USD,1.0,54.75
285,893.9,USD,1.0,893.9
286,230.49,EUR,1.0887,250.93446300000002
287,285.25,EUR,1.0887,310.551675
288,987.95,EUR,1.0887,1075.581165
289,451.95,EUR,1.0887,492.037965
290,924.49,GBP,1.2685115059714536,1172.7262021555491
291,102.99,GBP,1.2685115059714536,130.644
292,472.75,USD,1.0,472.75
293,925.0,USD,1.0,925.0
294,984.9,GBP,1.2685115059714536,1249.3569822312845
295,563.49,EUR,1.0887,613.4715630000001
296,998.95,USD,1.0,998.95
297,79.49,EUR,1.0887,86.540763
298,533.9,USD,1.0,533.9
299,283.9,GBP,1.2685115059714536,360.13041654529565
300,453.0,EUR,1.0887,493.1811
301,717.5,USD,1.0,717.5
302,199.1,GBP,1.2685115059714536,252.56064083891638
303,274.05,USD,1.0,274.05
304,913.05,USD,1.0,913.05
305,599.25,EUR,1.0887,652.403475
306,18.05,EUR,1.0887,19.651035
307,614.9,USD,1.0,614.9
308,77.95,EUR,1.0887,84.864165
309,332.95,USD,1.0,332.95
310,121.9,GBP,1.2685115059714536,154.6315525779202
311,134.49,EUR,1.0887,146.419263
312,978.75,GBP,1.2685115059714536,1241.55563646956
313,472.05,EUR,1.0887,513.920835
314,449.99,EUR,1.0887,489.904113
315,816.1,GBP,1.2685115059714536,1035.2322400233033
316,922.0,USD,1.0,922.0
317,243.49,GBP,1.2685115059714536,308.8698665889892
318,561.25,EUR,1.0887,611.032875
319,547.0,USD,1.0,547.0
320,300.0,GBP,1.2685115059714536,380.5534517914361
321,358.0,EUR,1.0887,389.7546
322,663.9,GBP,1.2685115059714536,842.164788814448
323,340.99,GBP,1.2685115059714536,432.549738421206
324,17.0,GBP,1.2685115059714536,21.56469560151471
325,156.5,GBP,1.2685115059714536,198.52205068453247
326,775.1,GBP,1.2685115059714536,983.2232682784737
327,451.25,USD,1.0,451.25
328,228.99,GBP,1.2685115059714536,290.47644975240314
329,721.05,USD,1.0,721.05
330,69.9,USD,1.0,69.9
331,351.1,USD,1.0,351.1
332,521.75,USD,1.0,521.75
333,675.5,USD,1.0,675.5
334,854.75,USD,1.0,854.75
335,352.95,EUR,1.0887,384.256665
336,899.0,USD,1.0,899.0
337,500.1,EUR,1.0887,544.45887
338,437.9,EUR,1.0887,476.74172999999996
339,246.25,GBP,1.2685115059714536,312.37095834547046
340,986.95,EUR,1.0887,1074.492465
341,251.0,GBP,1.2685115059714536,318.3963879988348
342,436.05,GBP,1.2685115059714536,553.1344421788524
343,539.75,GBP,1.2685115059714536,684.679085348092
344,221.05,EUR,1.0887,240.657135
345,479.05,EUR,1.0887,521.541735
346,462.0,USD,1.0,462.0
347,68.99,USD,1.0,68.99
348,435.5,USD,1.0,435.5
349,726.5,EUR,1.0887,790.94055
350,141.95,GBP,1.2685115059714536,180.06520827264782
351,794.49,USD,1.0,794.49
352,685.9,GBP,1.2685115059714536,870.0720419458199
353,815.75,GBP,1.2685115059714536,1034.7882609962132
354,977.5,EUR,1.0887,1064.20425
355,451.5,USD,1.0,451.5
356,106.1,GBP,1.2685115059714536,134.58907078357123
357,123.25,USD,1.0,123.25
358,43.75,GBP,1.2685115059714536,55.49737838625109
359,300.99,EUR,1.0887,327.687813
360,368.49,GBP,1.2685115059714536,467.4338048354209
361,17.5,USD,1.0,17.5
362,858.5,GBP,1.2685115059714536,1089.0171278764929
363,627.75,USD,1.0,627.75
364,169.1,USD,1.0,169.1
365,697.9,GBP,1.2685115059714536,885.2941800174774
366,510.0,GBP,1.2685115059714536,646.9408680454413
367,536.49,USD,1.0,536.49
368,54.25,USD,1.0,54.25
369,893.95,USD,1.0,893.95
370,670.5,EUR,1.0887,729.97335
371,831.0,GBP,1.2685115059714536,1054.133061462278
372,597.49,EUR,1.0887,650.487363
373,222.0,EUR,1.0887,241.6914
374,233.99,EUR,1.0887,254.744913
375,101.99,EUR,1.0887,111.036513
376,104.75,EUR,1.0887,114.041325
377,226.95,GBP,1.2685115059714536,287.88868628022135
378,75.5,USD,1.0,75.5
379,318.49,USD,1.0,318.49
380,500.49,GBP,1.2685115059714536,634.8773236236528
381,589.25,USD,1.0,589.25
382,990.95,GBP,1.2685115059714536,1257.031476842412
383,395.49,EUR,1.0887,430.56996300000003
384,948.49,EUR,1.0887,1032.621063
385,266.1,EUR,1.0887,289.70307
386,318.05,GBP,1.2685115059714536,403.45008447422083
387,42.95,EUR,1.0887,46.759665000000005
388,712.5,GBP,1.2685115059714536,903.8144480046607
389,14.99,EUR,1.0887,16.319613
390,716.5,USD,1.0,716.5
391,586.1,GBP,1.2685115059714536,743.474593649869
392,342.49,USD,1.0,342.49
393,980.99,EUR,1.0887,1068.003813
394,298.49,EUR,1.0887,324.966063
395,977.05,USD,1.0,977.05
396,692.0,GBP,1.2685115059714536,877.8099621322459
397,156.95,USD,1.0,156.95
398,407.49,USD,1.0,407.49
399,758.49,USD,1.0,758.49
400,915.9,GBP,1.2685115059714536,1161.8296883192543
401,656.99,USD,1.0,656.99
402,713.25,USD,1.0,713.25
403,275.75,EUR,1.0887,300.209025
404,354.5,EUR,1.0887,385.94415
405,519.25,EUR,1.0887,565.307475
406,651.1,USD,1.0,651.1
407,771.05,USD,1.0,771.05
408,657.9,GBP,1.2685115059714536,834.5537197786193
409,541.9,EUR,1.0887,589.9665299999999
410,966.75,GBP,1.2685115059714536,1226.3334983979028
411,427.9,GBP,1.2685115059714536,542.796073405185
412,329.99,GBP,1.2685115059714536,418.59611185551995
413,438.99,EUR,1.0887,477.92841300000003
414,746.5,EUR,1.0887,812.71455
415,537.9,EUR,1.0887,585.61173
416,387.99,EUR,1.0887,422.404713
417,630.99,GBP,1.2685115059714536,800.4180751529275
418,399.99,USD,1.0,399.99
419,41.75,USD,1.0,41.75
420,957.25,EUR,1.0887,1042.158075
421,965.1,GBP,1.2685115059714536,1224.24045441305
422,818.95,USD,1.0,818.95
423,452.49,GBP,1.2685115059714536,573.9887713370231
424,961.0,GBP,1.2685115059714536,1219.0395572385669
425,88.05,GBP,1.2685115059714536,111.69243810078649
426,635.0,EUR,1.0887,691.3245000000001
427,777.1,USD,1.0,777.1
428,233.5,EUR,1.0887,254.21145
429,501.0,USD,1.0,501.0
430,805.5,GBP,1.2685115059714536,1021.7860180600059
431,217.75,EUR,1.0887,237.064425
432,393.05,GBP,1.2685115059714536,498.58844742207987
433,222.5,EUR,1.0887,242.23575
434,985.75,USD,1.0,985.75
435,677.5,GBP,1.2685115059714536,859.4165452956598
436,697.49,EUR,1.0887,759.357363
437,281.49,USD,1.0,281.49
438,491.05,EUR,1.0887,534.606135
439,766.25,USD,1.0,766.25
440,52.75,USD,1.0,52.75
441,584.05,EUR,1.0887,635.855235
442,450.0,EUR,1.0887,489.915
443,801.5,GBP,1.2685115059714536,1016.7119720361201
444,826.05,EUR,1.0887,899.3206349999999
445,256.99,GBP,1.2685115059714536,325.99477191960386
446,732.5,EUR,1.0887,797.47275
447,873.49,USD,1.0,873.49
448,790.99,USD,1.0,790.99
449,382.75,EUR,1.0887,416.699925
450,442.05,GBP,1.2685115059714536,560.7455112146811
451,781.9,GBP,1.2685115059714536,991.8491465190796
452,257.1,USD,1.0,257.1
453,375.25,USD,1.0,375.25
454,601.49,USD,1.0,601.49
455,280.99,GBP,1.2685115059714536,356.43904806291874
456,220.0,USD,1.0,220.0
457,349.25,GBP,1.2685115059714536,443.02764346053016
458,329.75,USD,1.0,329.75
459,119.95,GBP,1.2685115059714536,152.15795514127586
460,209.99,EUR,1.0887,228.616113
461,526.1,USD,1.0,526.1
462,451.1,GBP,1.2685115059714536,572.2255403437227
463,888.75,GBP,1.2685115059714536,1127.3896009321293
464,383.95,EUR,1.0887,418.00636499999996
465,742.25,USD,1.0,742.25
466,299.75,GBP,1.2685115059714536,380.2363239149432
467,661.5,GBP,1.2685115059714536,839.1203612001166
468,400.9,GBP,1.2685115059714536,508.5462627439557
469,466.95,EUR,1.0887,508.368465
470,384.25,USD,1.0,384.25
471,365.95,EUR,1.0887,398.409765
472,49.1,EUR,1.0887,53.45517
473,636.95,USD,1.0,636.95
474,144.5,EUR,1.0887,157.31715
475,239.75,USD,1.0,239.75
476,788.49,USD,1.0,788.49
477,830.75,GBP,1.2685115059714536,1053.8159335857852
478,935.95,GBP,1.2685115059714536,1187.263344013982
479,739.95,EUR,1.0887,805.583565
480,14.99,GBP,1.2685115059714536,19.01498747451209
481,358.95,EUR,1.0887,390.788865
482,33.05,GBP,1.2685115059714536,41.924305272356534
483,605.5,EUR,1.0887,659.20785
484,136.99,EUR,1.0887,149.14101300000002
485,456.75,USD,1.0,456.75
486,473.5,EUR,1.0887,515.49945
487,808.0,USD,1.0,808.0
488,655.0,GBP,1.2685115059714536,830.8750364113021
489,233.75,EUR,1.0887,254.483625
490,939.1,GBP,1.2685115059714536,1191.2591552577921
491,728.95,GBP,1.2685115059714536,924.6814622778911
492,603.9,GBP,1.2685115059714536,766.0540984561608
493,899.49,EUR,1.0887,979.274763
494,612.99,EUR,1.0887,667.362213
495,19.95,USD,1.0,19.95
496,162.9,EUR,1.0887,177.34923
497,687.9,USD,1.0,687.9
498,851.25,USD,1.0,851.25
499,439.1,EUR,1.0887,478.04817
500,837.5,GBP,1.2685115059714536,1062.3783862510923
501,344.9,EUR,1.0887,375.49262999999996
502,462.95,USD,1.0,462.95
503,564.49,EUR,1.0887,614.560263
504,843.9,EUR,1.0887,918.75393
505,430.9,USD,1.0,430.9
506,856.1,GBP,1.2685115059714536,1085.9727002621614
507,507.25,EUR,1.0887,552.243075
508,298.5,EUR,1.0887,324.97695
509,195.1,GBP,1.2685115059714536,247.48659481503057
510,565.0,USD,1.0,565.0
511,438.99,EUR,1.0887,477.92841300000003
512,352.9,USD,1.0,352.9
513,910.75,GBP,1.2685115059714536,1155.2968540635013
514,612.05,GBP,1.2685115059714536,776.3924672298281
515,415.05,GBP,1.2685115059714536,526.4957005534518
516,248.75,GBP,1.2685115059714536,315.54223711039907
517,209.49,GBP,1.2685115059714536,265.7404753859598
518,813.05,GBP,1.2685115059714536,1031.3632799300904
519,358.99,GBP,1.2685115059714536,455.3829455286921
520,29.0,GBP,1.2685115059714536,36.786833673172154
521,816.05,GBP,1.2685115059714536,1035.1688144480047
522,293.1,USD,1.0,293.1
523,442.1,USD,1.0,442.1
524,636.9,EUR,1.0887,693.39303
525,928.75,GBP,1.2685115059714536,1178.1300611709876
526,859.49,USD,1.0,859.49
527,294.05,USD,1.0,294.05
528,595.9,GBP,1.2685115059714536,755.9060064083892
529,45.5,GBP,1.2685115059714536,57.71727352170114
530,891.1,GBP,1.2685115059714536,1130.3706029711623
531,829.5,EUR,1.0887,903.07665
532,788.75,EUR,1.0887,858.712125
533,91.0,USD,1.0,91.0
534,525.49,EUR,1.0887,572.100963
535,625.9,GBP,1.2685115059714536,793.9613515875327
536,675.1,GBP,1.2685115059714536,856.3721176813283
537,548.99,GBP,1.2685115059714536,696.4001316632683
538,840.25,GBP,1.2685115059714536,1065.8667928925138
539,588.95,GBP,1.2685115059714536,747.0898514418876
540,926.95,EUR,1.0887,1009.170465
541,842.9,GBP,1.2685115059714536,1069.2283483833382
542,144.95,GBP,1.2685115059714536,183.8707427905622
543,772.1,EUR,1.0887,840.58527
544,663.9,EUR,1.0887,722.78793
545,157.49,GBP,1.2685115059714536,199.77787707544422
546,733.95,USD,1.0,733.95
547,30.0,USD,1.0,30.0
548,265.1,USD,1.0,265.1
549,57.05,EUR,1.0887,62.110335
550,171.9,GBP,1.2685115059714536,218.05712787649287
551,73.0,GBP,1.2685115059714536,92.60133993591612
552,768.05,USD,1.0,768.05
553,649.0,GBP,1.2685115059714536,823.2639673754734
554,633.9,EUR,1.0887,690.12693
555,431.99,GBP,1.2685115059714536,547.9842854646082
556,879.0,USD,1.0,879.0
557,219.49,EUR,1.0887,238.958763
558,875.75,USD,1.0,875.75
559,84.25,GBP,1.2685115059714536,106.87209437809496
560,995.5,GBP,1.2685115059714536,1262.8032041945821
561,109.1,GBP,1.2685115059714536,138.39460530148557
562,788.75,USD,1.0,788.75
563,379.25,EUR,1.0887,412.889475
564,107.9,GBP,1.2685115059714536,136.87239149431986
565,21.25,USD,1.0,21.25
566,482.5,GBP,1.2685115059714536,612.0568016312263
567,299.25,USD,1.0,299.25
568,954.05,USD,1.0,954.05
569,208.49,USD,1.0,208.49
570,425.49,GBP,1.2685115059714536,539.7389606757938
571,139.49,GBP,1.2685115059714536,176.94466996795808
572,911.25,EUR,1.0887,992.077875
573,935.49,GBP,1.2685115059714536,1186.679828721235
574,637.9,EUR,1.0887,694.48173
575,644.95,EUR,1.0887,702.1570650000001
576,401.5,GBP,1.2685115059714536,509.3073696475386
577,734.25,USD,1.0,734.25
578,602.5,EUR,1.0887,655.94175
579,289.95,GBP,1.2685115059714536,367.804911156423
580,812.05,USD,1.0,812.05
581,885.0,EUR,1.0887,963.4995
582,430.0,USD,1.0,430.0
583,953.1,USD,1.0,953.1
584,591.75,GBP,1.2685115059714536,750.6416836586077
585,321.99,GBP,1.2685115059714536,408.4480198077483
586,746.95,EUR,1.0887,813.204465
587,548.99,USD,1.0,548.99
588,576.9,GBP,1.2685115059714536,731.8042877949315
589,764.95,USD,1.0,764.95
590,702.95,EUR,1.0887,765.3016650000001
591,118.1,EUR,1.0887,128.57547
592,537.5,USD,1.0,537.5
593,602.75,GBP,1.2685115059714536,764.5953102242936
594,247.5,GBP,1.2685115059714536,313.95659772793476
595,509.1,EUR,1.0887,554.25717
596,153.25,GBP,1.2685115059714536,194.39938829012527
597,763.75,EUR,1.0887,831.494625
598,886.95,GBP,1.2685115059714536,1125.1062802213808
599,574.95,USD,1.0,574.95
600,863.25,EUR,1.0887,939.820275
601,254.25,GBP,1.2685115059714536,322.5190503932421
602,242.1,USD,1.0,242.1
603,763.95,GBP,1.2685115059714536,969.079364986892
604,225.0,USD,1.0,225.0
605,117.95,GBP,1.2685115059714536,149.62093212933294
606,631.25,EUR,1.0887,687.241875
607,37.25,EUR,1.0887,40.554075
608,636.5,GBP,1.2685115059714536,807.4075735508302
609,904.49,GBP,1.2685115059714536,1147.35597203612
610,656.75,EUR,1.0887,715.003725
611,303.1,USD,1.0,303.1
612,296.95,EUR,1.0887,323.289465
613,54.9,USD,1.0,54.9
614,10.05,EUR,1.0887,10.941435
615,608.49,GBP,1.2685115059714536,771.8765662685698
616,669.05,EUR,1.0887,728.394735
617,826.5,EUR,1.0887,899.81055
618,609.95,EUR,1.0887,664.0525650000001
619,681.25,USD,1.0,681.25
620,805.99,USD,1.0,805.99
621,715.99,EUR,1.0887,779.498313
622,15.99,EUR,1.0887,17.408313
623,803.1,GBP,1.2685115059714536,1018.7415904456744
624,263.99,GBP,1.2685115059714536,334.87435246140404
625,215.05,EUR,1.0887,234.12493500000002
626,184.5,EUR,1.0887,200.86515
627,896.5,USD,1.0,896.5
628,280.5,USD,1.0,280.5
629,847.9,USD,1.0,847.9
630,419.99,EUR,1.0887,457.243113
631,431.25,GBP,1.2685115059714536,547.0455869501893
632,322.5,USD,1.0,322.5
633,877.05,EUR,1.0887,954.844335
634,315.99,GBP,1.2685115059714536,400.83695077191965
635,95.9,GBP,1.2685115059714536,121.6502534226624
636,288.95,GBP,1.2685115059714536,366.5363996504515
637,13.99,USD,1.0,13.99
638,275.95,USD,1.0,275.95
639,627.95,GBP,1.2685115059714536,796.5618001747744
640,109.49,GBP,1.2685115059714536,138.88932478881443
641,984.75,USD,1.0,984.75
642,207.99,USD,1.0,207.99
643,262.1,EUR,1.0887,285.34827
644,854.99,EUR,1.0887,930.827613
645,358.95,GBP,1.2685115059714536,455.3322050684532
646,689.5,EUR,1.0887,750.65865
647,806.25,GBP,1.2685115059714536,1022.7374016894844
648,78.9,GBP,1.2685115059714536,100.08555782114769
649,474.95,USD,1.0,474.95
650,58.95,GBP,1.2685115059714536,74.77875327701719
651,375.05,EUR,1.0887,408.316935
652,702.1,GBP,1.2685115059714536,890.6219283425576
653,216.99,EUR,1.0887,236.23701300000002
654,854.99,GBP,1.2685115059714536,1084.564652490533
655,200.1,EUR,1.0887,217.84887
656,123.95,GBP,1.2685115059714536,157.23200116516168
657,357.05,USD,1.0,357.05
658,14.9,EUR,1.0887,16.22163
659,130.05,GBP,1.2685115059714536,164.96992135158754
660,181.25,GBP,1.2685115059714536,229.91771045732597
661,823.99,GBP,1.2685115059714536,1045.240795805418
662,470.9,EUR,1.0887,512.66883
663,865.25,USD,1.0,865.25
664,77.25,GBP,1.2685115059714536,97.99251383629479
665,751.75,EUR,1.0887,818.430225
666,317.49,USD,1.0,317.49
667,316.99,USD,1.0,316.99
668,317.95,USD,1.0,317.95
669,795.49,GBP,1.2685115059714536,1009.0882178852316
670,845.99,USD,1.0,845.99
671,734.99,USD,1.0,734.99
672,236.95,USD,1.0,236.95
673,504.99,GBP,1.2685115059714536,640.5856254005243
674,924.0,EUR,1.0887,1005.9588
675,414.05,USD,1.0,414.05
676,716.75,GBP,1.2685115059714536,909.2056219050394
677,591.1,EUR,1.0887,643.53057
678,396.0,GBP,1.2685115059714536,502.3305563646956
679,692.99,EUR,1.0887,754.458213
680,88.99,EUR,1.0887,96.88341299999999
681,973.49,USD,1.0,973.49
682,790.05,USD,1.0,790.05
683,732.75,GBP,1.2685115059714536,929.5018060005826
684,385.25,USD,1.0,385.25
685,36.0,USD,1.0,36.0
686,918.75,GBP,1.2685115059714536,1165.4449461112729
687,109.99,EUR,1.0887,119.746113
688,307.99,USD,1.0,307.99
689,712.99,GBP,1.2685115059714536,904.4360186425866
690,465.49,USD,1.0,465.49
691,44.05,GBP,1.2685115059714536,55.87793183804253
692,530.1,USD,1.0,530.1
693,526.75,EUR,1.0887,573.472725
694,122.49,GBP,1.2685115059714536,155.37997436644335
695,525.05,EUR,1.0887,571.621935
696,807.95,EUR,1.0887,879.615165
697,456.49,EUR,1.0887,496.980663
698,553.95,EUR,1.0887,603.085365
699,966.1,GBP,1.2685115059714536,1225.5089659190214
700,62.25,GBP,1.2685115059714536,78.96484124672298
701,526.9,EUR,1.0887,573.63603
702,633.1,GBP,1.2685115059714536,803.0946344305273
703,712.99,GBP,1.2685115059714536,904.4360186425866
704,544.9,EUR,1.0887,593.23263
705,468.25,EUR,1.0887,509.783775
706,479.1,USD,1.0,479.1
707,39.1,EUR,1.0887,42.56817
708,741.05,GBP,1.2685115059714536,940.0304515001457
709,174.25,USD,1.0,174.25
710,55.75,GBP,1.2685115059714536,70.71951645790854
711,546.99,EUR,1.0887,595.508013
712,382.99,GBP,1.2685115059714536,485.827221672007
713,748.99,USD,1.0,748.99
714,643.95,EUR,1.0887,701.0683650000001
715,232.49,EUR,1.0887,253.111863
716,59.75,USD,1.0,59.75
717,879.1,EUR,1.0887,957.07617
718,915.5,USD,1.0,915.5
719,835.05,EUR,1.0887,909.118935
720,891.5,GBP,1.2685115059714536,1130.8780075735508
721,414.75,USD,1.0,414.75
722,766.9,USD,1.0,766.9
